<?xml version="1.0" encoding="utf-8" ?>
<hibernate-mapping xmlns="urn:nhibernate-mapping-2.2" namespace="com.nemesys.model" assembly="App_Code">
    <class name="BusinessRule" table="BUSINESS_RULE">
		<id name="id">
		    <column name="id" sql-type="int(11)" not-null="true"/>
		    <generator class="native" />
		</id>	
	
		<property name="ruleType" type="Int32" column="rule_type" not-null="true" />
		<property name="label" column="label" not-null="true" />
		<property name="description" column="description" />
		<property name="active" column="active" not-null="true"  type="Boolean" />
		<property name="voucherId" type="Int32" column="voucher_id" not-null="true" />
    </class> 
	
    <class name="BusinessRuleConfig" table="BUSINESS_RULE_CONFIG">
		<id name="id">
		    <column name="id" sql-type="int(11)" not-null="true"/>
		    <generator class="native" />
		</id>	

		<property name="ruleId" type="Int32" column="id_rule" not-null="true" />	
		<property name="productId" type="Int32" column="id_product" not-null="true" />	
		<property name="productRefId" type="Int32" column="id_product_ref" not-null="true" />	
		<property name="rateFrom" column="rate_from" not-null="true" />		
		<property name="rateTo" column="rate_to" not-null="true" />		
		<property name="rateRefFrom" column="rate_from_ref" not-null="true" />		
		<property name="rateRefTo" column="rate_to_ref" not-null="true" />	
		<property name="operation" type="Int32" column="operation" not-null="true" />
		<property name="applyTo" type="Int32" column="applyto" not-null="true" />	
		<property name="applyToQuantity" type="Int32" column="apply_to_quantity" not-null="true" />		
		<property name="value" column="value" not-null="true" />	
    </class>
</hibernate-mapping>