<?xml version="1.0" encoding="utf-8" ?>
<hibernate-mapping xmlns="urn:nhibernate-mapping-2.2" namespace="com.nemesys.model" assembly="App_Code">
	<class name="Template" table="TEMPLATE">
		<id name="id">
		<column name="id" sql-type="int(11)" not-null="true"/>
		<generator class="native" />
		</id>
		<property name="directory" column="directory" not-null="true" />
		<property name="description" column="description" />
		<property name="isBase" type="Boolean" column="is_base" not-null="true" />
		<property name="orderBy" column="order_by" />		
		<property name="elemXpage" column="elem_x_page" />	
		<property name="modifyDate">
			<column name="modify_date" sql-type="timestamp" />
		</property>	
		<bag name="pages" table="TEMPLATE_PAGES" inverse="true" lazy="true" cascade="all-delete-orphan">
			<key column="templateid"/>
			<one-to-many class="TemplatePage"/>
		</bag>
	</class>


	<class name="TemplatePage" table="TEMPLATE_PAGES">
		<id name="id">
			<column name="id" sql-type="int(11)" not-null="true"/>
			<generator class="native" />
		</id>
		<property name="templateId" column="templateid" not-null="true" />
		<property name="filePath" column="file_path" not-null="true" />
		<property name="fileName" column="file_name" not-null="true" />
		<property name="urlRewrite" column="url_rewrite" />
		<property name="priority" column="priority" />	
	</class>
</hibernate-mapping>