<?xml version="1.0" encoding="utf-8" ?>
<hibernate-mapping xmlns="urn:nhibernate-mapping-2.2" namespace="com.nemesys.model" assembly="App_Code">
    <class name="Ads" table="ADS">
        <id name="id">
            <column name="id" sql-type="int(11)" not-null="true"/>
            <generator class="native" />
        </id>
        <property name="elementId" type="Int32" column="id_element" not-null="true" />
		<property name="userId" column="id_user" type="Int32" not-null="true" />  
        <property name="type" type="Int32" column="type" not-null="true" />  
		<property name="phone" column="phone" />
		<property name="price" column="price" />
		<property name="insertDate">
			<column name="insert_date" sql-type="timestamp" />
		</property>	
		<bag name="promotions" table="ADS_PROMOTION" inverse="true" lazy="true" cascade="all">
			<key column="id_ads"/>
			<one-to-many class="AdsPromotion"/>
		</bag>
    </class>
		
	<class name="AdsPromotion" table="ADS_PROMOTION">
		<composite-id>
			<key-property name="adsId" column="id_ads" type="Int32" />
			<key-property name="elementId" column="id_element" type="Int32" />
		</composite-id>
		
		<property name="elementCode" column="cod_element" />
		<property name="active" column="active" not-null="true"  type="Boolean" />
		<property name="insertDate">
			<column name="insert_date" sql-type="timestamp" />
		</property>	
	</class>		
</hibernate-mapping>