<?xml version="1.0" encoding="utf-8"?>
<root>	
	<lang-code-mapping>
		<keyword>1078</keyword>
		<value>AF</value>
	</lang-code-mapping>
	<lang-code-mapping>
		<keyword>1052</keyword>
		<value>SQ</value>
	</lang-code-mapping>
	<lang-code-mapping>
		<keyword>14337</keyword>
		<value>AR</value>
	</lang-code-mapping>
	<lang-code-mapping>
		<keyword>15361</keyword>
		<value>AR</value>
	</lang-code-mapping>
	<lang-code-mapping>
		<keyword>5121</keyword>
		<value>AR</value>
	</lang-code-mapping>
	<lang-code-mapping>
		<keyword>3073</keyword>
		<value>AR</value>
	</lang-code-mapping>
	<lang-code-mapping>
		<keyword>2049</keyword>
		<value>AR</value>
	</lang-code-mapping>
	<lang-code-mapping>
		<keyword>11265</keyword>
		<value>AR</value>
	</lang-code-mapping>
	<lang-code-mapping>
		<keyword>13313</keyword>
		<value>AR</value>
	</lang-code-mapping>
	<lang-code-mapping>
		<keyword>12289</keyword>
		<value>AR</value>
	</lang-code-mapping>
	<lang-code-mapping>
		<keyword>4097</keyword>
		<value>AR</value>
	</lang-code-mapping>
	<lang-code-mapping>
		<keyword>6145</keyword>
		<value>AR</value>
	</lang-code-mapping>
	<lang-code-mapping>
		<keyword>8193</keyword>
		<value>AR</value>
	</lang-code-mapping>
	<lang-code-mapping>
		<keyword>16385</keyword>
		<value>AR</value>
	</lang-code-mapping>
	<lang-code-mapping>
		<keyword>1025</keyword>
		<value>AR</value>
	</lang-code-mapping>
	<lang-code-mapping>
		<keyword>10241</keyword>
		<value>AR</value>
	</lang-code-mapping>
	<lang-code-mapping>
		<keyword>7169</keyword>
		<value>AR</value>
	</lang-code-mapping>
	<lang-code-mapping>
		<keyword>9217</keyword>
		<value>AR</value>
	</lang-code-mapping>
	<lang-code-mapping>
		<keyword>1067</keyword>
		<value>HY</value>
	</lang-code-mapping>
	<lang-code-mapping>
		<keyword>1068</keyword>
		<value>AZ</value>
	</lang-code-mapping>
	<lang-code-mapping>
		<keyword>2092</keyword>
		<value>AZ</value>
	</lang-code-mapping>
	<lang-code-mapping>
		<keyword>1069</keyword>
		<value>EU</value>
	</lang-code-mapping>
	<lang-code-mapping>
		<keyword>1059</keyword>
		<value>BE</value>
	</lang-code-mapping>
	<lang-code-mapping>
		<keyword>1026</keyword>
		<value>BG</value>
	</lang-code-mapping>
	<lang-code-mapping>
		<keyword>1027</keyword>
		<value>CA</value>
	</lang-code-mapping>
	<lang-code-mapping>
		<keyword>2052</keyword>
		<value>ZH</value>
	</lang-code-mapping>
	<lang-code-mapping>
		<keyword>3076</keyword>
		<value>ZH</value>
	</lang-code-mapping>
	<lang-code-mapping>
		<keyword>5124</keyword>
		<value>ZH</value>
	</lang-code-mapping>
	<lang-code-mapping>
		<keyword>4100</keyword>
		<value>ZH</value>
	</lang-code-mapping>
	<lang-code-mapping>
		<keyword>1028</keyword>
		<value>ZH</value>
	</lang-code-mapping>
	<lang-code-mapping>
		<keyword>1050</keyword>
		<value>HR</value>
	</lang-code-mapping>
	<lang-code-mapping>
		<keyword>1029</keyword>
		<value>CS</value>
	</lang-code-mapping>
	<lang-code-mapping>
		<keyword>1030</keyword>
		<value>DA</value>
	</lang-code-mapping>
	<lang-code-mapping>
		<keyword>1043</keyword>
		<value>NL</value>
	</lang-code-mapping>
	<lang-code-mapping>
		<keyword>2067</keyword>
		<value>NL</value>
	</lang-code-mapping>
	<lang-code-mapping>
		<keyword>9</keyword>
		<value>EN</value>
	</lang-code-mapping>
	<lang-code-mapping>
		<keyword>3081</keyword>
		<value>EN</value>
	</lang-code-mapping>
	<lang-code-mapping>
		<keyword>10249</keyword>
		<value>EN</value>
	</lang-code-mapping>
	<lang-code-mapping>
		<keyword>4105</keyword>
		<value>EN</value>
	</lang-code-mapping>
	<lang-code-mapping>
		<keyword>9225</keyword>
		<value>EN</value>
	</lang-code-mapping>
	<lang-code-mapping>
		<keyword>6153</keyword>
		<value>EN</value>
	</lang-code-mapping>
	<lang-code-mapping>
		<keyword>8201</keyword>
		<value>EN</value>
	</lang-code-mapping>
	<lang-code-mapping>
		<keyword>5129</keyword>
		<value>EN</value>
	</lang-code-mapping>
	<lang-code-mapping>
		<keyword>13321</keyword>
		<value>EN</value>
	</lang-code-mapping>
	<lang-code-mapping>
		<keyword>7177</keyword>
		<value>EN</value>
	</lang-code-mapping>
	<lang-code-mapping>
		<keyword>11273</keyword>
		<value>EN</value>
	</lang-code-mapping>
	<lang-code-mapping>
		<keyword>2057</keyword>
		<value>EN</value>
	</lang-code-mapping>
	<lang-code-mapping>
		<keyword>1033</keyword>
		<value>EN</value>
	</lang-code-mapping>
	<lang-code-mapping>
		<keyword>1061</keyword>
		<value>ET</value>
	</lang-code-mapping>
	<lang-code-mapping>
		<keyword>1065</keyword>
		<value>FA</value>
	</lang-code-mapping>
	<lang-code-mapping>
		<keyword>1035</keyword>
		<value>FI</value>
	</lang-code-mapping>
	<lang-code-mapping>
		<keyword>1080</keyword>
		<value>FO</value>
	</lang-code-mapping>
	<lang-code-mapping>
		<keyword>1036</keyword>
		<value>FR</value>
	</lang-code-mapping>
	<lang-code-mapping>
		<keyword>2060</keyword>
		<value>FR</value>
	</lang-code-mapping>
	<lang-code-mapping>
		<keyword>3084</keyword>
		<value>FR</value>
	</lang-code-mapping>
	<lang-code-mapping>
		<keyword>5132</keyword>
		<value>FR</value>
	</lang-code-mapping>
	<lang-code-mapping>
		<keyword>4108</keyword>
		<value>FR</value>
	</lang-code-mapping>
	<lang-code-mapping>
		<keyword>2108</keyword>
		<value>GD</value>
	</lang-code-mapping>
	<lang-code-mapping>
		<keyword>1084</keyword>
		<value>GD</value>
	</lang-code-mapping>
	<lang-code-mapping>
		<keyword>1031</keyword>
		<value>DE</value>
	</lang-code-mapping>
	<lang-code-mapping>
		<keyword>3079</keyword>
		<value>DE</value>
	</lang-code-mapping>
	<lang-code-mapping>
		<keyword>5127</keyword>
		<value>DE</value>
	</lang-code-mapping>
	<lang-code-mapping>
		<keyword>4103</keyword>
		<value>DE</value>
	</lang-code-mapping>
	<lang-code-mapping>
		<keyword>2055</keyword>
		<value>DE</value>
	</lang-code-mapping>
	<lang-code-mapping>
		<keyword>1032</keyword>
		<value>EL</value>
	</lang-code-mapping>
	<lang-code-mapping>
		<keyword>1037</keyword>
		<value>HE</value>
	</lang-code-mapping>
	<lang-code-mapping>
		<keyword>1081</keyword>
		<value>HI</value>
	</lang-code-mapping>
	<lang-code-mapping>
		<keyword>1038</keyword>
		<value>HU</value>
	</lang-code-mapping>
	<lang-code-mapping>
		<keyword>1039</keyword>
		<value>IS</value>
	</lang-code-mapping>
	<lang-code-mapping>
		<keyword>1057</keyword>
		<value>ID</value>
	</lang-code-mapping>
	<lang-code-mapping>
		<keyword>1040</keyword>
		<value>IT</value>
	</lang-code-mapping>
	<lang-code-mapping>
		<keyword>2064</keyword>
		<value>IT</value>
	</lang-code-mapping>
	<lang-code-mapping>
		<keyword>1041</keyword>
		<value>JA</value>
	</lang-code-mapping>
	<lang-code-mapping>
		<keyword>1042</keyword>
		<value>KO</value>
	</lang-code-mapping>
	<lang-code-mapping>
		<keyword>1062</keyword>
		<value>LV</value>
	</lang-code-mapping>
	<lang-code-mapping>
		<keyword>1063</keyword>
		<value>LT</value>
	</lang-code-mapping>
	<lang-code-mapping>
		<keyword>1071</keyword>
		<value>MK</value>
	</lang-code-mapping>
	<lang-code-mapping>
		<keyword>1086</keyword>
		<value>MS</value>
	</lang-code-mapping>
	<lang-code-mapping>
		<keyword>2110</keyword>
		<value>MS</value>
	</lang-code-mapping>
	<lang-code-mapping>
		<keyword>1082</keyword>
		<value>MT</value>
	</lang-code-mapping>
	<lang-code-mapping>
		<keyword>1102</keyword>
		<value>MR</value>
	</lang-code-mapping>
	<lang-code-mapping>
		<keyword>1044</keyword>
		<value>NO</value>
	</lang-code-mapping>
	<lang-code-mapping>
		<keyword>2068</keyword>
		<value>NO</value>
	</lang-code-mapping>
	<lang-code-mapping>
		<keyword>1045</keyword>
		<value>PL</value>
	</lang-code-mapping>
	<lang-code-mapping>
		<keyword>2070</keyword>
		<value>PT</value>
	</lang-code-mapping>
	<lang-code-mapping>
		<keyword>1046</keyword>
		<value>PT</value>
	</lang-code-mapping>
	<lang-code-mapping>
		<keyword>1047</keyword>
		<value>RM</value>
	</lang-code-mapping>
	<lang-code-mapping>
		<keyword>1048</keyword>
		<value>RO</value>
	</lang-code-mapping>
	<lang-code-mapping>
		<keyword>2072</keyword>
		<value>RO</value>
	</lang-code-mapping>
	<lang-code-mapping>
		<keyword>1049</keyword>
		<value>RU</value>
	</lang-code-mapping>
	<lang-code-mapping>
		<keyword>2073</keyword>
		<value>RU</value>
	</lang-code-mapping>
	<lang-code-mapping>
		<keyword>1103</keyword>
		<value>SA</value>
	</lang-code-mapping>
	<lang-code-mapping>
		<keyword>3098</keyword>
		<value>SR</value>
	</lang-code-mapping>
	<lang-code-mapping>
		<keyword>2074</keyword>
		<value>SR</value>
	</lang-code-mapping>
	<lang-code-mapping>
		<keyword>1074</keyword>
		<value>TN</value>
	</lang-code-mapping>
	<lang-code-mapping>
		<keyword>1060</keyword>
		<value>SL</value>
	</lang-code-mapping>
	<lang-code-mapping>
		<keyword>1051</keyword>
		<value>SK</value>
	</lang-code-mapping>
	<lang-code-mapping>
		<keyword>1070</keyword>
		<value>SB</value>
	</lang-code-mapping>
	<lang-code-mapping>
		<keyword>1034</keyword>
		<value>ES</value>
	</lang-code-mapping>
	<lang-code-mapping>
		<keyword>11274</keyword>
		<value>ES</value>
	</lang-code-mapping>
	<lang-code-mapping>
		<keyword>16394</keyword>
		<value>ES</value>
	</lang-code-mapping>
	<lang-code-mapping>
		<keyword>13322</keyword>
		<value>ES</value>
	</lang-code-mapping>
	<lang-code-mapping>
		<keyword>9226</keyword>
		<value>ES</value>
	</lang-code-mapping>
	<lang-code-mapping>
		<keyword>5130</keyword>
		<value>ES</value>
	</lang-code-mapping>
	<lang-code-mapping>
		<keyword>7178</keyword>
		<value>ES</value>
	</lang-code-mapping>
	<lang-code-mapping>
		<keyword>12298</keyword>
		<value>ES</value>
	</lang-code-mapping>
	<lang-code-mapping>
		<keyword>4106</keyword>
		<value>ES</value>
	</lang-code-mapping>
	<lang-code-mapping>
		<keyword>18442</keyword>
		<value>ES</value>
	</lang-code-mapping>
	<lang-code-mapping>
		<keyword>2058</keyword>
		<value>ES</value>
	</lang-code-mapping>
	<lang-code-mapping>
		<keyword>19466</keyword>
		<value>ES</value>
	</lang-code-mapping>
	<lang-code-mapping>
		<keyword>6154</keyword>
		<value>ES</value>
	</lang-code-mapping>
	<lang-code-mapping>
		<keyword>10250</keyword>
		<value>ES</value>
	</lang-code-mapping>
	<lang-code-mapping>
		<keyword>20490</keyword>
		<value>ES</value>
	</lang-code-mapping>
	<lang-code-mapping>
		<keyword>15370</keyword>
		<value>ES</value>
	</lang-code-mapping>
	<lang-code-mapping>
		<keyword>17418</keyword>
		<value>ES</value>
	</lang-code-mapping>
	<lang-code-mapping>
		<keyword>14346</keyword>
		<value>ES</value>
	</lang-code-mapping>
	<lang-code-mapping>
		<keyword>8202</keyword>
		<value>ES</value>
	</lang-code-mapping>
	<lang-code-mapping>
		<keyword>1072</keyword>
		<value>SX</value>
	</lang-code-mapping>
	<lang-code-mapping>
		<keyword>1089</keyword>
		<value>SW</value>
	</lang-code-mapping>
	<lang-code-mapping>
		<keyword>1053</keyword>
		<value>SV</value>
	</lang-code-mapping>
	<lang-code-mapping>
		<keyword>2077</keyword>
		<value>SV</value>
	</lang-code-mapping>
	<lang-code-mapping>
		<keyword>1097</keyword>
		<value>TA</value>
	</lang-code-mapping>
	<lang-code-mapping>
		<keyword>1092</keyword>
		<value>TT</value>
	</lang-code-mapping>
	<lang-code-mapping>
		<keyword>1054</keyword>
		<value>TH</value>
	</lang-code-mapping>
	<lang-code-mapping>
		<keyword>1055</keyword>
		<value>TR</value>
	</lang-code-mapping>
	<lang-code-mapping>
		<keyword>1073</keyword>
		<value>TS</value>
	</lang-code-mapping>
	<lang-code-mapping>
		<keyword>1058</keyword>
		<value>UK</value>
	</lang-code-mapping>
	<lang-code-mapping>
		<keyword>1056</keyword>
		<value>UR</value>
	</lang-code-mapping>
	<lang-code-mapping>
		<keyword>2115</keyword>
		<value>UZ</value>
	</lang-code-mapping>
	<lang-code-mapping>
		<keyword>1091</keyword>
		<value>UZ</value>
	</lang-code-mapping>
	<lang-code-mapping>
		<keyword>1066</keyword>
		<value>VI</value>
	</lang-code-mapping>
	<lang-code-mapping>
		<keyword>1076</keyword>
		<value>XH</value>
	</lang-code-mapping>
	<lang-code-mapping>
		<keyword>1085</keyword>
		<value>YI</value>
	</lang-code-mapping>
	<lang-code-mapping>
		<keyword>1077</keyword>
		<value>ZU</value>
	</lang-code-mapping>	
	
	
</root>