<?xml version="1.0" encoding="utf-8" ?>
<hibernate-mapping xmlns="urn:nhibernate-mapping-2.2" namespace="com.nemesys.model" assembly="App_Code">
	<class name="ShippingAddress" table="SHIPPING_ADDRESS">
		<id name="id">
		<column name="id" sql-type="int(11)" not-null="true"/>
		<generator class="native" />
		</id>	
		<property name="idUser" column="id_user" not-null="true"  type="Int32" />
		<property name="name" column="name" />
		<property name="surname" column="surname" />
		<property name="cfiscvat" column="cfiscvat" />
		<property name="address" column="address" />
		<property name="city" column="city" />		
		<property name="zipCode" column="zip_code" />
		<property name="country" column="country" />
		<property name="stateRegion" column="state_region" />
		<property name="isCompanyClient" column="is_company_client" not-null="true"  type="Boolean" />
	</class>
</hibernate-mapping>