<repository>
  <ICategoryRepository>
    <value>com.nemesys.database.repository.CategoryRepository</value>
    <description>nhibernate implementation of ICategoryRepository</description>
  </ICategoryRepository>
  
  <ICountryRepository>
    <value>com.nemesys.database.repository.CountryRepository</value>
    <description>nhibernate implementation of ICountryRepository</description>
  </ICountryRepository>
  
  <ICurrencyRepository>
    <value>com.nemesys.database.repository.CurrencyRepository</value>
    <description>nhibernate implementation of ICurrencyRepository</description>
  </ICurrencyRepository>
  
  <IGeolocalizationRepository>
    <value>com.nemesys.database.repository.GeolocalizationRepository</value>
    <description>nhibernate implementation of IGeolocalizationRepository</description>
  </IGeolocalizationRepository>
  
  <ILanguageRepository>
    <value>com.nemesys.database.repository.LanguageRepository</value>
    <description>nhibernate implementation of ILanguageRepository</description>
  </ILanguageRepository>
  
  <ILoggerRepository>
    <value>com.nemesys.database.repository.LoggerRepository</value>
    <description>nhibernate implementation of ILoggerRepository</description>
  </ILoggerRepository>
  
  <IMailRepository>
    <value>com.nemesys.database.repository.MailRepository</value>
    <description>nhibernate implementation of IMailRepository</description>
  </IMailRepository>
  
  <IMultiLanguageRepository>
    <value>com.nemesys.database.repository.MultiLanguageRepository</value>
    <description>nhibernate implementation of IMultiLanguageRepository</description>
  </IMultiLanguageRepository>
  
  <IUserRepository>
    <value>com.nemesys.database.repository.UserRepository</value>
    <description>nhibernate implementation of IUserRepository</description>
  </IUserRepository>
  
  <ITemplateRepository>
    <value>com.nemesys.database.repository.TemplateRepository</value>
    <description>nhibernate implementation of ITemplateRepository</description>
  </ITemplateRepository>
  
  <INewsletterRepository>
    <value>com.nemesys.database.repository.NewsletterRepository</value>
    <description>nhibernate implementation of INewsletterRepository</description>
  </INewsletterRepository>
  
  <IContentRepository>
    <value>com.nemesys.database.repository.ContentRepository</value>
    <description>nhibernate implementation of IContentRepository</description>
  </IContentRepository>
  
  <ICommonRepository>
    <value>com.nemesys.database.repository.CommonRepository</value>
    <description>nhibernate implementation of ICommonRepository</description>
  </ICommonRepository>
  
  <ICommentRepository>
    <value>com.nemesys.database.repository.CommentRepository</value>
    <description>nhibernate implementation of ICommentRepository</description>
  </ICommentRepository>
  
  <IUserPreferencesRepository>
    <value>com.nemesys.database.repository.UserPreferencesRepository</value>
    <description>nhibernate implementation of IUserPreferencesRepository</description>
  </IUserPreferencesRepository>
  
  <ISearchRepository>
    <value>com.nemesys.database.repository.SearchRepository</value>
    <description>nhibernate implementation of ISearchRepository</description>
  </ISearchRepository>

<!--nsys-nemesirepository1-->${nsys-nemesirepository1}<!---nsys-nemesirepository1-->  
</repository>
