<?xml version="1.0" encoding="utf-8" ?>
<hibernate-mapping xmlns="urn:nhibernate-mapping-2.2" namespace="com.nemesys.model" assembly="App_Code">
    <class name="Comment" table="COMMENT">
		<id name="id">
		    <column name="id" sql-type="int(11)" not-null="true"/>
		    <generator class="native" />
		</id>
		<property name="elementId" column="id_element" type="Int32" />
		<property name="elementType" column="element_type" type="Int32" />
		<property name="userId" column="id_user" type="Int32" />
		<property name="message" column="message" />
		<property name="voteType" column="vote_type" type="Int32" />
		<property name="active" column="active" not-null="true"  type="Boolean" />
		<property name="insertDate">
			<column name="insert_date" sql-type="timestamp" />
		</property>	
    </class>
    
    <class name="Preference" table="USER_PREFERENCES">
		<id name="id">
		    <column name="id" sql-type="int(11)" not-null="true"/>
		    <generator class="native" />
		</id>
		<property name="userId" column="id_user" type="Int32" not-null="true" />
		<property name="friendId" column="id_friend" type="Int32" />
		<property name="commentId" column="id_comment" type="Int32" />
		<property name="commentType" column="comment_type" type="Int32" />
		<property name="type" column="type" type="Int32" />
		<property name="message" column="message" />
		<property name="active" column="active" not-null="true"  type="Boolean" />
		<property name="insertDate">
			<column name="insert_date" sql-type="timestamp" />
		</property>	
    </class>
</hibernate-mapping>