<?xml version="1.0" encoding="utf-8" ?>
<hibernate-mapping xmlns="urn:nhibernate-mapping-2.2" namespace="com.nemesys.model" assembly="App_Code">
    <class name="Currency" table="CURRENCY">
        <id name="id">
            <column name="id" sql-type="int(11)" not-null="true"/>
            <generator class="native" />
        </id>
				
		<property name="currency" column="currency" not-null="true" />
		<property name="rate" column="rate" not-null="true" />
		<property name="referDate" not-null="true">
			<column name="refer_date" sql-type="timestamp" />
		</property>
		<property name="insertDate" not-null="true">
			<column name="insert_date" sql-type="timestamp" />
		</property>
		<property name="active" column="active" type="Boolean" />
		<property name="isDefault" column="is_default" type="Boolean" />
    </class>
</hibernate-mapping>