<?xml version="1.0"?>
<doc>
    <assembly>
        <name>DotNet.UI.Controls</name>
    </assembly>
    <members>
        <member name="T:DotNet.UI.Controls.Pdf">
            <summary> 
            PDF Server Control 
            </summary> 
        </member>
        <member name="M:DotNet.UI.Controls.Pdf.OnLoad(System.EventArgs)">
            <summary> 
            Override OnLoad Event of Control Class 
            </summary> 
            <param name="e">Input Event Args e</param> 
        </member>
        <member name="P:DotNet.UI.Controls.Pdf.ReportDataSource">
            <summary> 
            set or get 
            1. Bind a DataTable instance with Data for 'ReportDataSource' Property 
            2. Add all the Display Column Names for 'ColumnName' Property in a new 'DataTable' 
            3. Add Display Column's Width as 0'th Row in the same 'DataTable' 
            4. Bind the DataTable instance for 'ReportTableInfo' Property 
            5. Column Count for the DataTable bound for 'ReportDataSource' and 'ReportTableInfo' should be same 
            </summary> 
        </member>
        <member name="P:DotNet.UI.Controls.Pdf.ReportTableInfo">
            <summary> 
            set or get 
            1. Add all the Display Column Names for 'ColumnName' Property in a new 'DataTable' 
            2. Add Display Column's Width as 0'th Row in the same 'DataTable' 
            3. Bind the DataTable instance for 'ReportTableInfo' Property 
            4. Column Count for the DataTable bound for 'ReportDataSource' and 'ReportTableInfo' should be same 
            </summary> 
        </member>
        <member name="P:DotNet.UI.Controls.Pdf.ReportTextSize">
            <summary> 
            set or get 
            Report Column Data Font Size. [Default : 8pt] 
            </summary> 
        </member>
        <member name="P:DotNet.UI.Controls.Pdf.ReportColumnTextSize">
            <summary> 
            set or get 
            Report Column Title Font Size. [Default : 8pt] 
            </summary> 
        </member>
        <member name="P:DotNet.UI.Controls.Pdf.ReportTitle">
            <summary> 
            set or get 
            Report Title 
            </summary> 
        </member>
        <member name="P:DotNet.UI.Controls.Pdf.ReportTitleSize">
            <summary> 
            set or get 
            Report Title Font Size. [Default : 14pt] 
            </summary> 
        </member>
        <member name="P:DotNet.UI.Controls.Pdf.ReportID">
            <summary> 
            set or get 
            Report ID / Report WebForm Name 
            </summary> 
        </member>
        <member name="P:DotNet.UI.Controls.Pdf.ReportUserID">
            <summary> 
            set or get 
            Report User ID / Login User ID 
            </summary> 
        </member>
        <member name="P:DotNet.UI.Controls.Pdf.ReportRunDate">
            <summary> 
            set or get 
            Report Run Date. [Default : System.DateTime.Now - WebServer Current Date Time] 
            </summary> 
        </member>
        <member name="P:DotNet.UI.Controls.Pdf.ReportFoFilePath">
            <summary> 
            get 
            Report FO File Path. [Default : Current WebApplication Root Folder] 
            </summary> 
        </member>
        <member name="P:DotNet.UI.Controls.Pdf.ReportLogoURL">
            <summary> 
            set or get 
            Report Logo URL in the form 'http://localhost/DotNetPdf/images/DotNet.jpg'
            </summary> 
        </member>
        <member name="P:DotNet.UI.Controls.Pdf.ReportLogoWidth">
            <summary> 
            set or get 
            Report Logo Image Width.
            </summary> 
        </member>
        <member name="P:DotNet.UI.Controls.Pdf.ReportLogoHeight">
            <summary> 
            set or get 
            Report Logo Image Height.
            </summary> 
        </member>
        <member name="P:DotNet.UI.Controls.Pdf.ReportPageFormat">
            <summary> 
            set or get 
            "P" for Portrait / "L" for Landscape. [Default : P] 
            </summary> 
        </member>
        <member name="P:DotNet.UI.Controls.Pdf.ReportPageWidth">
            <summary> 
            Private Property 
            Report Page Width. [Default : 21cm / Portrait A4 Size Page Width] 
            </summary> 
        </member>
        <member name="P:DotNet.UI.Controls.Pdf.ReportPageHeight">
            <summary> 
            Private Property 
            Report Page Height. [Default : 29.7cm / Portrait A4 Size Page Height] 
            </summary> 
        </member>
        <member name="P:DotNet.UI.Controls.Pdf.ReportUserIDTitle">
            <summary> 
            set or get 
            Report Page Title for 'ReportUserID' Property. [Default : User] 
            </summary> 
        </member>
        <member name="P:DotNet.UI.Controls.Pdf.ReportIDTitle">
            <summary> 
            set or get 
            Report Page Title for 'ReportID' Property. [Default : Report Id] 
            </summary> 
        </member>
        <member name="P:DotNet.UI.Controls.Pdf.ReportRunDateTitle">
            <summary> 
            set or get 
            Report Page Title for 'ReportRunDate' Property. [Default : Run Date] 
            </summary> 
        </member>
        <member name="P:DotNet.UI.Controls.Pdf.ReportPageNoTitle">
            <summary> 
            set or get 
            Report Page Title for 'ReportPageNo' Property. [Default : Page No] 
            </summary> 
        </member>
        <member name="T:DotNet.UI.Controls.XslFO">
            <summary> 
            NFOP XSL-FO to PDF Formatter / Converter Class
            </summary> 
        </member>
    </members>
</doc>
