<?xml version="1.0" encoding="utf-8" ?>
<hibernate-mapping xmlns="urn:nhibernate-mapping-2.2" namespace="com.nemesys.model" assembly="App_Code">
    <class name="Logger" table="LOG">
        <id name="id">
            <column name="id" sql-type="int(11)" not-null="true"/>
            <generator class="native" />
        </id>
        <property name="msg">
            <column name="msg" />
        </property>	
        <property name="usr">
            <column name="usr" length="50" not-null="true" />
        </property>
		<property name="type">
            <column name="type" length="15" not-null="true" />
        </property>	
		<property name="date">
            <column name="date_event" sql-type="timestamp" />
        </property>
    </class>
</hibernate-mapping>