<?xml version="1.0" encoding="utf-8" ?>
<hibernate-mapping xmlns="urn:nhibernate-mapping-2.2" namespace="com.nemesys.model" assembly="App_Code">
    <class name="SystemFieldsType" table="SYSTEM_FIELDS_TYPE">
        <id name="id">
            <column name="id" sql-type="int(11)" not-null="true"/>
            <generator class="native" />
        </id>
		<property name="description" column="description" not-null="true" />
    </class>
	
    <class name="SystemFieldsTypeContent" table="SYSTEM_FIELDS_TYPE_CONTENT">
        <id name="id">
            <column name="id" sql-type="int(11)" not-null="true"/>
            <generator class="native" />
        </id>
		<property name="description" column="description" not-null="true" />
    </class>
</hibernate-mapping>