<?xml version="1.0" encoding="utf-8" ?>
<hibernate-mapping xmlns="urn:nhibernate-mapping-2.2" namespace="com.nemesys.model" assembly="App_Code">
	<class name="Fee" table="FEE">
		<id name="id">
		<column name="id" sql-type="int(11)" not-null="true"/>
		<generator class="native" />
		</id>
		<property name="description" column="description" not-null="true" />	
		<property name="amount" type="Decimal" column="amount" not-null="true" />
		<property name="type" column="type" not-null="true" type="Int32" />
		<property name="idSupplement" column="id_supplement" type="Int32" />
		<property name="supplementGroup" column="supplement_group" type="Int32" />
		<property name="applyTo" column="apply_to" type="Int32" />
		<property name="autoactive" column="autoactive" not-null="true"  type="Boolean" />
		<property name="multiply" column="multiply" not-null="true"  type="Boolean" />
		<property name="required" column="required" not-null="true"  type="Boolean" />
		<property name="feeGroup" column="fee_group" />	
		<property name="typeView" column="type_view" type="Int32" not-null="true" />
		<bag name="configs" table="FEE_CONFIG" inverse="true" lazy="true" cascade="all">
			<key column="idFee"/>
			<one-to-many class="FeeConfig"/>
		</bag>		
	</class>

	<class name="FeeConfig" table="FEE_CONFIG">
		<id name="id">
			<column name="id" sql-type="int(11)" not-null="true"/>
			<generator class="native" />
		</id>
		<property name="idFee" column="id_fee" type="Int32" not-null="true" />
		<property name="descProdField" column="desc_prod_field" />
		<property name="rateFrom" type="Decimal" column="rate_from" not-null="true" />
		<property name="rateTo" type="Decimal" column="rate_to" not-null="true" />
		<property name="operation" column="operation" type="Int32" not-null="true" />
		<property name="value" type="Decimal" column="value" not-null="true" />		
	</class>
</hibernate-mapping>