<?xml version="1.0" encoding="utf-8" ?>
<hibernate-mapping xmlns="urn:nhibernate-mapping-2.2" namespace="com.nemesys.model" assembly="App_Code">
    <class name="FOrder" table="ORDERS">
		<id name="id">
		    <column name="id" sql-type="int(11)" not-null="true"/>
		    <generator class="native" />
		</id>	
	
		<property name="userId" type="Int32" column="id_user" not-null="true" />
		<property name="guid" column="guid" not-null="true" />
		<property name="notes" column="notes" />
		<property name="status" column="status" not-null="true" type="Int32" />
		<property name="amount" column="amount" not-null="true" />
		<property name="taxable" column="taxable" not-null="true" />
		<property name="supplement" column="supplement" not-null="true" />
		<property name="paymentId" column="payment_id" not-null="true" type="Int32" />
		<property name="paymentCommission" column="payment_commission" not-null="true" />
		<property name="paymentDone" column="payment_done" not-null="true"  type="Boolean" />
		<property name="downloadNotified" column="download_notified" not-null="true"  type="Boolean" />
		<property name="noRegistration" column="no_registration" not-null="true"  type="Boolean" />
		<property name="mailSent" column="mail_sent" not-null="true"  type="Boolean" />
		<property name="adsEnabled" column="ads_enabled" not-null="true"  type="Boolean" />
		<property name="lastUpdate">
		    <column name="last_update" sql-type="timestamp" />
		</property>
		<property name="insertDate">
		    <column name="insert_date" sql-type="timestamp" />
		</property>
    </class>
    
	<class name="OrderProduct" table="ORDER_PRODUCTS">
		<composite-id>
			<key-property name="idOrder" column="id_order" type="Int32" />
			<key-property name="idProduct" column="id_prod" type="Int32" />
			<key-property name="productCounter" column="prod_counter" type="Int32" />
		</composite-id>
		<property name="productQuantity" column="prod_quantity" not-null="true" type="Int32" />
		<property name="productType" column="prod_type" not-null="true" type="Int32" />
		<property name="productName" column="prod_name" not-null="true" />
		<property name="amount" column="amount" not-null="true" />
		<property name="taxable" column="taxable" not-null="true" />
		<property name="supplement" column="supplement" not-null="true" />
		<property name="discountPerc" column="discount_perc" not-null="true" />
		<property name="discount" column="discount" not-null="true" />
		<property name="margin" column="margin" not-null="true" />
		<property name="supplementDesc" column="supplement_desc" />
		<property name="idAds" type="Int32" column="id_ads" not-null="true" />	
	</class>

	<class name="OrderProductField" table="ORDER_PRODUCT_FIELDS">
		<composite-id>
			<key-property name="idOrder" column="id_order" type="Int32" />
			<key-property name="idProduct" column="id_prod" type="Int32" />
			<key-property name="productCounter" column="prod_counter" type="Int32" />
			<key-property name="idField" column="id_field" type="Int32" />
			<key-property name="fieldType" column="field_type" type="Int32" />
			<key-property name="value" column="value" />
		</composite-id>
		<property name="productQuantity" column="prod_quantity" not-null="true" type="Int32" />
		<property name="description" column="description" />
	</class>

	<class name="OrderProductCalendar" table="ORDER_PRODUCT_CALENDAR">
		<composite-id>
			<key-property name="idOrder" column="id_order" type="Int32" />
			<key-property name="idProduct" column="id_prod" type="Int32" />
			<key-property name="productCounter" column="prod_counter" type="Int32" />
			<key-property name="date">
				<column name="date" sql-type="timestamp" />
			</key-property>
		</composite-id>
		<property name="adults" column="adults" not-null="true" type="Int32" />
		<property name="children" column="children" not-null="true" type="Int32" />
		<property name="rooms" column="rooms" not-null="true" type="Int32" />
		<property name="childrenAge" column="children_age" />
		<property name="searchText" column="search_text" />
	</class>
		
	<class name="OrderFee" table="ORDER_FEES">
		<composite-id>
			<key-property name="idOrder" column="id_order" type="Int32" />
			<key-property name="idFee" column="id_fee" type="Int32" />
		</composite-id>
		<property name="amount" column="amount" not-null="true" />
		<property name="taxable" column="taxable" not-null="true" />
		<property name="supplement" column="supplement" not-null="true" />
		<property name="feeDesc" column="fee_desc" />
	</class>
	
    <class name="OrderProductAttachmentDownload" table="ORDER_PRODUCT_ATTACHMENT_DOWNLOAD">
		<id name="id">
		    <column name="id" sql-type="int(11)" not-null="true"/>
		    <generator class="native" />
		</id>	
		
		<property name="idOrder" type="Int32" column="id_order" not-null="true" />	
		<property name="idParentProduct" type="Int32" column="id_parent_product" not-null="true" />	
		<property name="idDownFile" type="Int32" column="id_down_file" not-null="true" />	
		<property name="userId" type="Int32" column="id_user" not-null="true" />
		<property name="active" column="active" not-null="true"  type="Boolean" />
		<property name="maxDownload" type="Int32" column="max_download" not-null="true" />	
		<property name="insertDate">
		    <column name="insert_date" sql-type="timestamp" />
		</property>
		<property name="expireDate">
		    <column name="expire_date" sql-type="datetime" />
		</property>	
		<property name="downloadDate">
		    <column name="download_date" sql-type="datetime" />
		</property>	
		<property name="downloadCounter" column="download_counter" type="Int32" />
    </class>
	
	<class name="OrderBillsAddress" table="ORDER_BILLS_ADDRESS">
		<id name="idOrder">
		    <column name="id_order" sql-type="int(11)" not-null="true"/>
		</id>
		<property name="name" column="name" />
		<property name="surname" column="surname" />
		<property name="cfiscvat" column="cfiscvat" />
		<property name="address" column="address" />
		<property name="city" column="city" />		
		<property name="zipCode" column="zip_code" />
		<property name="country" column="country" />
		<property name="stateRegion" column="state_region" />
	</class>
	
	<class name="OrderShippingAddress" table="ORDER_SHIPPING_ADDRESS">
		<id name="idOrder">
		    <column name="id_order" sql-type="int(11)" not-null="true"/>
		</id>
		<property name="name" column="name" />
		<property name="surname" column="surname" />
		<property name="cfiscvat" column="cfiscvat" />
		<property name="address" column="address" />
		<property name="city" column="city" />		
		<property name="zipCode" column="zip_code" />
		<property name="country" column="country" />
		<property name="stateRegion" column="state_region" />
		<property name="isCompanyClient" column="is_company_client" not-null="true"  type="Boolean" />
	</class>
    
	<class name="OrderBusinessRule" table="ORDER_BUSINESS_RULES">
		<composite-id>
			<key-property name="ruleId" column="id_rule" type="Int32" />
			<key-property name="orderId" column="id_order" type="Int32" />
			<key-property name="productId" column="id_product" type="Int32" />
			<key-property name="productCounter" column="product_counter" type="Int32" />
		</composite-id>
		<property name="ruleType" type="Int32" column="rule_type" not-null="true" />
		<property name="label" column="label" not-null="true" />
		<property name="value" column="value" not-null="true" />
	</class> 
		
	<class name="OrderVoucher" table="ORDER_VOUCHERS">
		<composite-id>
			<key-property name="orderId" column="id_order" type="Int32" />
			<key-property name="voucherId" column="id_voucher" type="Int32" />
			<key-property name="voucherCode" column="voucher_code" />
			<key-property name="insertDate">
				<column name="insert_date" sql-type="timestamp" />
			</key-property>
		</composite-id>
		<property name="voucherAmount" column="voucher_amount" not-null="true" />
	</class>
</hibernate-mapping>