<?xml version="1.0" encoding="utf-8" ?>
<hibernate-mapping xmlns="urn:nhibernate-mapping-2.2" namespace="com.nemesys.model" assembly="App_Code">
    <class name="Product" table="PRODUCT">
        <id name="id">
            <column name="id" sql-type="int(11)" not-null="true"/>
            <generator class="native" />
        </id>
		<property name="name" column="name" not-null="true" />
		<property name="summary" column="summary" />
		<property name="description" column="description" />
		<property name="keyword" column="keyword" />
		<property name="status" type="Int32" column="status" not-null="true" />
		<property name="pageTitle" column="page_title" />
		<property name="metaKeyword" column="meta_keyword" />
		<property name="metaDescription" column="meta_description" />
		<property name="userId" column="id_user" type="Int32" />
		<property name="price" column="price" not-null="true" />
		<property name="discount" column="discount" not-null="true" />
		<property name="quantity" column="quantity" type="Int32" />
		<property name="idSupplement" column="id_supplement" type="Int32" />
		<property name="idSupplementGroup" column="id_supplement_group" type="Int32" />
		<property name="prodType" column="prod_type" type="Int32" />		
		<property name="setBuyQta" column="set_buy_qta" not-null="true"  type="Boolean" />
		<property name="maxDownload" column="max_download" type="Int32" not-null="true" />
		<property name="maxDownloadTime" column="max_download_time" type="Int32" not-null="true" />
		<property name="quantityRotationMode" column="quantity_rotation_mode" type="Int32" />
		<property name="rotationModeValue" column="rotation_mode_value" />
		<property name="reloadQuantity" column="reload_quantity" type="Int32" />
		<property name="weight" column="weight" not-null="true" />	
		<property name="length" column="length" not-null="true" />	
		<property name="width" column="width" not-null="true" />	
		<property name="height" column="height" not-null="true" />			
		<property name="insertDate">
			<column name="insert_date" sql-type="timestamp" />
		</property>	
		<property name="publishDate">
		    <column name="publish_date" sql-type="timestamp" />
		</property>	
		<property name="deleteDate">
		    <column name="delete_date" sql-type="datetime" />
		</property>	
		<bag name="attachments" table="PRODUCT_ATTACHMENTS" inverse="true" lazy="true" cascade="all">
			<key column="id_parent_product"/>
			<one-to-many class="ProductAttachment"/>
		</bag>	
		<bag name="dattachments" table="PRODUCT_ATTACHMENTS_DOWNLOAD" inverse="true" lazy="true" cascade="all">
			<key column="id_parent_product"/>
			<one-to-many class="ProductAttachmentDownload"/>
		</bag>
		<bag name="languages" table="PRODUCT_LANGUAGES" inverse="true" lazy="true" cascade="all">
			<key column="id_parent_product"/>
			<one-to-many class="ProductLanguage"/>
		</bag>
		<bag name="categories" table="PRODUCT_CATEGORIES" inverse="true" lazy="true" cascade="all">
			<key column="id_parent_product"/>
			<one-to-many class="ProductCategory"/>
		</bag>
		<bag name="relations" table="PRODUCT_RELATIONS" inverse="true" lazy="true" cascade="all">
			<key column="id_parent_product"/>
			<one-to-many class="ProductRelation"/>
		</bag>
		<bag name="fields" table="PRODUCT_FIELDS" inverse="true" lazy="true" cascade="all">
			<key column="id_parent_product"/>
			<one-to-many class="ProductField"/>
		</bag>	
		<bag name="calendar" table="PRODUCT_CALENDAR" inverse="true" lazy="true" cascade="all">
			<key column="id_parent_product"/>
			<one-to-many class="ProductCalendar"/>
		</bag>
    </class>

    <class name="ProductAttachment" table="PRODUCT_ATTACHMENTS">
        <id name="id">
            <column name="id" sql-type="int(11)" not-null="true"/>
            <generator class="native" />
        </id>
		<property name="idParentProduct" column="id_parent_product" not-null="true" />
		<property name="filePath" column="file_path" not-null="true" />
		<property name="fileName" column="file_name" not-null="true" />
		<property name="contentType" column="content_type" not-null="true" />
		<property name="fileDida" column="file_dida" />
		<property name="fileLabel" column="file_label" type="Int32" not-null="true" />	
		<property name="insertDate">
			<column name="insert_date" sql-type="timestamp" />
		</property>	
    </class>

    <class name="ProductAttachmentLabel" table="PRODUCT_ATTACHMENTS_LABEL">
        <id name="id">
            <column name="id" sql-type="int(11)" not-null="true"/>
            <generator class="native" />
        </id>
		<property name="description" column="description" not-null="true" />
    </class>

    <class name="ProductAttachmentDownload" table="PRODUCT_ATTACHMENTS_DOWNLOAD">
        <id name="id">
            <column name="id" sql-type="int(11)" not-null="true"/>
            <generator class="native" />
        </id>
		<property name="idParentProduct" column="id_parent_product" not-null="true" />
		<property name="filePath" column="file_path" not-null="true" />
		<property name="fileName" column="file_name" not-null="true" />
		<property name="contentType" column="content_type" not-null="true" />
		<property name="fileDida" column="file_dida" />
		<property name="fileLabel" column="file_label" type="Int32" not-null="true" />	
		<property name="fileSize" column="file_size" type="Int32" not-null="true" />	
		<property name="insertDate">
			<column name="insert_date" sql-type="timestamp" />
		</property>	
    </class>

	<class name="ProductLanguage" table="PRODUCT_LANGUAGES">
		<composite-id>
			<key-property name="idParentProduct" column="id_parent_product" type="Int32" />
			<key-property name="idLanguage" column="id_language" type="Int32" />
		</composite-id>
	</class>

	<class name="ProductCategory" table="PRODUCT_CATEGORIES">
		<composite-id>
			<key-property name="idParent" column="id_parent_product" type="Int32" />
			<key-property name="idCategory" column="id_category" type="Int32" />
		</composite-id>
	</class>

    <class name="ProductCalendar" table="PRODUCT_CALENDAR">
        <id name="id">
            <column name="id" sql-type="int(11)" not-null="true"/>
            <generator class="native" />
        </id>
		<property name="idParentProduct" column="id_parent_product" not-null="true" />
		<property name="startDate">
			<column name="start_date" sql-type="timestamp" />
		</property>	
		<property name="availability" column="availability" not-null="true" />
		<property name="unit" column="unit" not-null="true" />
		<property name="content" column="content" />
    </class>

	<class name="ProductRotation" table="PRODUCT_ROTATION">
		<composite-id>
			<key-property name="idParent" column="id_parent_product" type="Int32" />
			<key-property name="idRotationMode" column="id_rotation_mode" type="Int32" />
		</composite-id>
		<property name="rotationValue" column="rotation_value" />	
		<property name="lastUpdate">
		    <column name="last_update" sql-type="timestamp" />
		</property>
	</class>

	<class name="ProductRelation" table="PRODUCT_RELATIONS">
		<composite-id>
			<key-property name="idParentProduct" column="id_parent_product" type="Int32" />
			<key-property name="idProductRel" column="id_product_rel" type="Int32" />
		</composite-id>
	</class>

    <class name="ProductField" table="PRODUCT_FIELDS">
        <id name="id">
            <column name="id" sql-type="int(11)" not-null="true"/>
            <generator class="native" />
        </id>
		<property name="idParentProduct" column="id_parent_product" type="Int32" not-null="true" />
		<property name="description" column="description" not-null="true" />
		<property name="groupDescription" column="group_description" />
		<property name="type" column="type" not-null="true"  type="Int32" />
		<property name="typeContent" column="type_content" not-null="true"  type="Int32" />
		<property name="sorting" column="sorting" not-null="true"  type="Int32" />
		<property name="required" column="required" not-null="true"  type="Boolean" />
		<property name="enabled" column="enabled" not-null="true"  type="Boolean" />
		<property name="editable" column="editable" not-null="true"  type="Boolean" />
		<property name="common" column="common" not-null="true"  type="Boolean" />
		<property name="maxLenght" column="max_lenght" type="Int32" />
		<property name="value" column="value" />
    </class>

	<class name="ProductFieldsValue" table="PRODUCT_FIELDS_VALUES">
		<composite-id>
			<key-property name="idParentField" column="id_parent_field" type="Int32" />
			<key-property name="value" column="value" />
		</composite-id>
		<property name="sorting" column="sorting" not-null="true"  type="Int32" />
		<property name="quantity" column="quantity" type="Int32" />
	</class>

	<class name="ProductFieldsRelValue" table="PRODUCT_FIELDS_REL_VALUES">
		<composite-id>
			<key-property name="idProduct" column="id_product" type="Int32" />
			<key-property name="idParentField" column="id_field" type="Int32" />
			<key-property name="fieldValue" column="field_val" />
			<key-property name="idParentRelField" column="id_field_rel" type="Int32" />
			<key-property name="fieldRelValue" column="field_rel_val" />
		</composite-id>
		<property name="fieldRelName" column="field_rel_name" not-null="true" />
		<property name="quantity" column="quantity" type="Int32" not-null="true" />
	</class>
  
    <class name="ProductMainFieldTranslation" table="PRODUCT_MAIN_FIELD_TRANSLATION">
		<id name="id">
		    <column name="id" sql-type="int(11)" not-null="true"/>
		    <generator class="native" />
		</id>	
		<property name="idParentProduct" column="id_prod" type="Int32" />
		<property name="mainField" column="main_field" type="Int32" />
		<property name="langCode" column="lang_code" />
		<property name="value" column="value" />
    </class>
  
    <class name="ProductFieldTranslation" table="PRODUCT_FIELD_TRANSLATION">
		<id name="id">
		    <column name="id" sql-type="int(11)" not-null="true"/>
		    <generator class="native" />
		</id>	
		<property name="idParentProduct" column="id_prod" type="Int32" />
		<property name="idField" column="id_field" type="Int32" />
		<property name="type" column="type" not-null="true" />
		<property name="baseVal" column="base_val" />
		<property name="langCode" column="lang_code" />
		<property name="value" column="value" />
    </class>
</hibernate-mapping>