<?xml version="1.0" encoding="utf-8" ?>
<hibernate-mapping xmlns="urn:nhibernate-mapping-2.2" namespace="com.nemesys.model" assembly="App_Code">
    <class name="User" table="USER">
        <id name="id">
            <column name="id" sql-type="int(11)" not-null="true"/>
            <generator class="native" />
        </id>
		<property name="username" column="username" not-null="true" />
		<property name="password" column="password" not-null="true" />
		<property name="email" column="email" not-null="true" />
		<property name="privacyAccept" type="Boolean" column="privacy" not-null="true" />
		<property name="hasNewsletter" type="Boolean" column="newsletter" not-null="true" />
		<property name="isActive" type="Boolean" column="active" not-null="true" />
		<property name="discount" type="Decimal" column="discount" not-null="true" />
		<property name="boComments" column="bo_comments" />
		<property name="isPublicProfile" type="Boolean" column="public" not-null="true" />
		<property name="isAutomaticUser" type="Boolean" column="automatic" not-null="true" />		
		<property name="insertDate">
            <column name="insert_date" sql-type="timestamp" />
        </property>	
		<property name="modifyDate">
            <column name="modify_date" sql-type="timestamp" />
        </property>	
        <component name="role" class="UserRole">
            <property name="id" column="role" />
        </component>
		<bag name="attachments" table="USER_ATTACHMENTS" inverse="true" lazy="true" cascade="all-delete-orphan">
			<key column="id_user"/>
			<one-to-many class="UserAttachment"/>
		</bag>
		<bag name="friends" inverse="true" lazy="true" cascade="all-delete-orphan">
			<key column="id_parent_user"/>
			<one-to-many class="UserFriend"/>
		</bag>
		<bag name="languages" table="USER_LANGUAGES" inverse="true" lazy="true" cascade="all-delete-orphan">
			<key column="id_parent_user"/>
			<one-to-many class="UserLanguage"/>
		</bag>
		<bag name="categories" table="USER_CATEGORIES" inverse="true" lazy="true" cascade="all-delete-orphan">
			<key column="id_parent_user"/>
			<one-to-many class="UserCategory"/>
		</bag>
		<bag name="newsletters" table="USER_NEWSLETTERS" inverse="true" lazy="true" cascade="all-delete-orphan">
			<key column="id_parent_user"/>
			<one-to-many class="UserNewsletter"/>
		</bag>
		<bag name="fields" table="USER_FIELDS_MATCH" inverse="true" lazy="true" cascade="all-delete-orphan">
			<key column="id_parent_user"/>
			<one-to-many class="UserFieldsMatch"/>
		</bag>
		<property name="userGroup" column="user_group" />
    </class>

    <class name="UserAttachment" table="USER_ATTACHMENTS">
        <id name="id">
            <column name="id" sql-type="int(11)" not-null="true"/>
            <generator class="native" />
        </id>
		<property name="idUser" column="id_user" not-null="true" />
		<property name="fileName" column="filename" not-null="true" />
		<property name="contentType" column="content_type" not-null="true" />
		<property name="filePath" column="path" not-null="true" />
		<property name="fileDida" column="file_dida" />
		<property name="fileLabel" column="file_label" not-null="true" />
		<property name="isAvatar" type="Boolean" column="is_avatar" not-null="true" />		
		<property name="insertDate">
            <column name="insert_date" sql-type="timestamp" />
        </property>	
    </class>

	<class name="UserFriend" table="USER_FRIENDS">
		<composite-id>
			<key-property name="idParentUser" column="id_parent_user" type="Int32" />
			<key-property name="friend" column="id_friend" type="Int32" />
		</composite-id>
		<!--<many-to-one name="friend" column="id_friend" class="User" insert="false" update="false" access="field.pascalcase-underscore" />-->
		<property name="isActive" type="Boolean" column="active" not-null="true" />
	</class>

	<class name="UserLanguage" table="USER_LANGUAGES">
		<composite-id>
			<key-property name="idParentUser" column="id_parent_user" type="Int32" />
			<key-property name="idLanguage" column="id_language" type="Int32" />
		</composite-id>
	</class>

	<class name="UserCategory" table="USER_CATEGORIES">
		<composite-id>
			<key-property name="idParentUser" column="id_parent_user" type="Int32" />
			<key-property name="idCategory" column="id_category" type="Int32" />
		</composite-id>
	</class>

    <class name="UserConfirmation" table="USER_CONFIRMATION">
        <id name="idUser">
            <column name="id_user" not-null="true"/>
        </id>
		<property name="confirmationCode" column="confirmation_code" />	
    </class>

    <class name="UserGroup" table="USER_GROUP">
        <id name="id">
            <column name="id" sql-type="int(11)" not-null="true"/>
            <generator class="native" />
        </id>
		<property name="shortDesc" column="short_desc" not-null="true" />
		<property name="longDesc" column="long_desc" />
		<property name="defaultGroup" type="Boolean" column="default_group" not-null="true" />
		<property name="supplementGroup" column="supplement_group" type="Int32" />
		<property name="discount" type="Decimal" column="discount" not-null="true" />
		<property name="margin" type="Decimal" column="margin" not-null="true" />
		<property name="applyProdDiscount" type="Boolean" column="apply_prod_discount" not-null="true" />
		<property name="applyUserDiscount" type="Boolean" column="apply_user_discount" not-null="true" />
    </class>

	<class name="UserNewsletter" table="USER_NEWSLETTERS">
		<composite-id>
			<key-property name="idParentUser" column="id_parent_user" type="Int32" />
			<key-property name="newsletterId" column="newsletterid" type="Int32" />
		</composite-id>
	</class>

    <class name="UserField" table="USER_FIELDS">
        <id name="id">
            <column name="id" sql-type="int(11)" not-null="true"/>
            <generator class="native" />
        </id>
		<property name="description" column="description" not-null="true" />
		<property name="groupDescription" column="group_description" />
		<property name="type" column="type" not-null="true"  type="Int32" />
		<property name="typeContent" column="type_content" not-null="true"  type="Int32" />
		<property name="sorting" column="sorting" not-null="true"  type="Int32" />
		<property name="required" column="required" not-null="true"  type="Boolean" />
		<property name="enabled" column="enabled" not-null="true"  type="Boolean" />
		<property name="maxLenght" column="max_lenght" type="Int32" />
		<property name="useFor" column="use_for" type="Int32" not-null="true" />
    </class>

	<class name="UserFieldsValue" table="USER_FIELDS_VALUES">
		<composite-id>
			<key-property name="idParentField" column="id_field" type="Int32" />
			<key-property name="value" column="value" />
		</composite-id>
		<property name="sorting" column="sorting" not-null="true"  type="Int32" />
	</class>

	<class name="UserFieldsMatch" table="USER_FIELDS_MATCH">
		<composite-id>
			<key-property name="idParentField" column="id_field" type="Int32" />
			<key-property name="idParentUser" column="id_parent_user" type="Int32" />
		</composite-id>
		<property name="value" column="value" />
	</class>


    <class name="UserDownload" table="USER_DOWNLOADS">
		<id name="id">
		    <column name="id" sql-type="int(11)" not-null="true"/>
		    <generator class="native" />
		</id>
		
		<property name="user" column="user" />
		<property name="idFile" column="id_file" not-null="true" />
		<property name="fileName" column="filename" not-null="true" />
		<property name="contentType" column="content_type" not-null="true" />
		<property name="filePath" column="path" not-null="true" />
		<property name="userHost" column="user_host" />
		<property name="userInfo" column="user_info" />	
		<property name="downloadDate">
            <column name="download_date" sql-type="timestamp" />
        </property>	
    </class>
</hibernate-mapping>