<?xml version="1.0" encoding="utf-8" ?>
<hibernate-mapping xmlns="urn:nhibernate-mapping-2.2" namespace="com.nemesys.model" assembly="App_Code">
    <class name="Newsletter" table="NEWSLETTER">
        <id name="id">
            <column name="id" sql-type="int(11)" not-null="true"/>
            <generator class="native" />
        </id>
        <property name="description" column="description" />
		<property name="isActive" type="Boolean" column="active" not-null="true" />	
        <property name="templateId" column="templateid" type="Int32" />		
        <property name="idVoucherCampaign" column="id_voucher_campaign" type="Int32" />
		<property name="modifyDate">
            <column name="modify_date" sql-type="timestamp" />
        </property>
    </class>
</hibernate-mapping>