<config>
<!--nsys-nemesiconfig1-->
  <day_carrello_is_valid>
    <value>7</value>
    <description>backend.config.lista.table.description.day_carrello_is_valid</description>
    <alert>0</alert>
    <type>ecom_card</type>
    <type_values>
    </type_values>
    <is_base>1</is_base>
  </day_carrello_is_valid>
  <del_carrello_on_exit>
    <value>0</value>
    <description>backend.config.lista.table.description.del_carrello_on_exit</description>
    <alert>0</alert>
    <type>ecom_card</type>
    <type_values>0,1</type_values>
    <is_base>1</is_base>
  </del_carrello_on_exit>
  <manage_sconti>
    <value>1</value>
    <description>backend.config.lista.table.description.manage_sconti</description>
    <alert>0</alert>
    <type>ecom_sconti</type>
    <type_values>0,1,2</type_values>
    <is_base>1</is_base>
  </manage_sconti>
  <minute_order_modify_permit>
    <value>1440</value>
    <description>backend.config.lista.table.description.minute_order_modify_permit</description>
    <alert>0</alert>
    <type>ecom_time</type>
    <type_values>
    </type_values>
    <is_base>1</is_base>
  </minute_order_modify_permit>
  <show_ship_box>
    <value>1</value>
    <description>backend.config.lista.table.description.show_ship_box</description>
    <alert>0</alert>
    <type>ecom_info</type>
    <type_values>0,1</type_values>
    <is_base>1</is_base>
  </show_ship_box>
  <show_bills_box>
    <value>1</value>
    <description>backend.config.lista.table.description.show_bills_box</description>
    <alert>0</alert>
    <type>ecom_info</type>
    <type_values>0,1</type_values>
    <is_base>1</is_base>
  </show_bills_box>
  <show_user_field_on_direct_buy>
    <value>0</value>
    <description>backend.config.lista.table.description.show_user_field_on_direct_buy</description>
    <alert>0</alert>
    <type>ecom_info</type>
    <type_values>0,1</type_values>
    <is_base>1</is_base>
  </show_user_field_on_direct_buy>
  <disable_ecommerce>
    <value>0</value>
    <description>backend.config.lista.table.description.disable_ecommerce</description>
    <alert>0</alert>
    <type>ecom_disable</type>
    <type_values>0,1,2</type_values>
    <is_base>1</is_base>
  </disable_ecommerce>
  <enable_international_tax_option>
    <value>0</value>
    <description>backend.config.lista.table.description.enable_international_tax_option</description>
    <alert>0</alert>
    <type>ecom_tax</type>
    <type_values>0,1</type_values>
    <is_base>1</is_base>
  </enable_international_tax_option>  
  <enable_ads>
    <!--nsys-nemesiconfig2--><value>0</value><!---nsys-nemesiconfig2-->
    <description>backend.config.lista.table.description.enable_ads</description>
    <alert>0</alert>
    <type>configuration_ads</type>
    <type_values>0,1</type_values>
    <is_base>1</is_base>
  </enable_ads> 
<!---nsys-nemesiconfig1-->
  <confirm_registration>
    <value>1</value>
    <description>backend.config.lista.table.description.confirm_registration</description>
    <alert>0</alert>
    <type>configuration_reg</type>
    <type_values>0,1,2</type_values>
    <is_base>1</is_base>
  </confirm_registration>  
  <mail_receiver>
    <!--nsys-nemesiconfig3--><value></value><!---nsys-nemesiconfig3-->
    <description>backend.config.lista.table.description.mail_receiver</description>
    <alert>0</alert>
    <type>mail_user</type>
    <type_values>
    </type_values>
    <is_base>1</is_base>
  </mail_receiver>  
  <mail_sender>
    <!--nsys-nemesiconfig4--><value></value><!---nsys-nemesiconfig4-->
    <description>backend.config.lista.table.description.mail_sender</description>
    <alert>0</alert>
    <type>mail_srv</type>
    <type_values>
    </type_values>
    <is_base>1</is_base>
  </mail_sender>  
  <mail_server>
    <!--nsys-nemesiconfig5--><value></value><!---nsys-nemesiconfig5-->
    <description>backend.config.lista.table.description.mail_server</description>
    <alert>0</alert>
    <type>mail_srv</type>
    <type_values>
    </type_values>
    <is_base>1</is_base>
  </mail_server>
  <mail_server_pwd>
    <value></value>
    <description>backend.config.lista.table.description.mail_server_pwd</description>
    <alert>0</alert>
    <type>mail_srv</type>
    <type_values>
    </type_values>
    <is_base>1</is_base>
  </mail_server_pwd>
  <mail_server_usr>
    <value></value>
    <description>backend.config.lista.table.description.mail_server_usr</description>
    <alert>0</alert>
    <type>mail_srv</type>
    <type_values>
    </type_values>
    <is_base>1</is_base>
  </mail_server_usr>
  <num_max_attachments>
    <value>2</value>
    <description>backend.config.lista.table.description.num_max_attachments</description>
    <alert>0</alert>
    <type>configuration_attach</type>
    <type_values>
    </type_values>
    <is_base>1</is_base>
  </num_max_attachments>  
  <dbconn>
    <!--nsys-nemesiconfig6--><value></value><!---nsys-nemesiconfig6-->
    <description>backend.config.lista.table.description.srt_dbconn</description>
    <alert>1</alert>
    <type>configuration_dbconn</type>
    <type_values>
    </type_values>
    <is_base>1</is_base>
  </dbconn>  
  <server_name>
    <!--nsys-nemesiconfig7--><value></value><!---nsys-nemesiconfig7-->
    <description>backend.config.lista.table.description.srt_default_server_name</description>
    <alert>1</alert>
    <type>configuration_server</type>
    <type_values>
    </type_values>
    <is_base>1</is_base>
  </server_name>  
  <bo_lang_code_default>
    <value>IT</value>
    <description>backend.config.lista.table.description.str_editor_lang_code_default</description>
    <alert>1</alert>
    <type>configuration_lang</type>
    <type_values>[#lang#]</type_values>
    <is_base>1</is_base>
  </bo_lang_code_default>
  <lang_code_default>
    <value>IT</value>
    <description>backend.config.lista.table.description.str_lang_code_default</description>
    <alert>1</alert>
    <type>configuration_lang</type>
    <type_values>[#lang#]</type_values>
    <is_base>1</is_base>
  </lang_code_default>
  <use_https>
    <value>0</value>
    <description>backend.config.lista.table.description.use_https</description>
    <alert>1</alert>
    <type>configuration_ssl</type>
    <type_values>0,1,2</type_values>
    <is_base>1</is_base>
  </use_https>
  <use_locale>
    <value>1</value>
    <description>backend.config.lista.table.description.use_locale</description>
    <alert>0</alert>
    <type>configuration_locale</type>
    <type_values>0,1</type_values>
    <is_base>1</is_base>
  </use_locale>
  <ajaxload_menu_frontend>
    <value>1</value>
    <description>backend.config.lista.table.description.ajaxload_menu_frontend</description>
    <alert>0</alert>
    <type>configuration_menu</type>
    <type_values>0,1</type_values>
    <is_base>1</is_base>
  </ajaxload_menu_frontend>
  <use_wizard_registration>
    <value>0</value>
    <description>backend.config.lista.table.description.use_wizard_registration</description>
    <alert>0</alert>
    <type>configuration_wizard_registration</type>
    <type_values>0,1</type_values>
    <is_base>1</is_base>
  </use_wizard_registration> 
  <use_recaptcha>
    <value>1</value>
    <description>backend.config.lista.table.description.use_recaptcha</description>
    <alert>0</alert>
    <type>secure_captcha</type>
    <type_values>0,1,2</type_values>
    <is_base>1</is_base>
  </use_recaptcha>  
  <recaptcha_pub_key>
    <!--nsys-nemesiconfig8--><value></value><!---nsys-nemesiconfig8-->
    <description>backend.config.lista.table.description.recaptcha_pub_key</description>
    <alert>0</alert>
    <type>secure_captcha</type>
    <type_values>
    </type_values>
    <is_base>1</is_base>
  </recaptcha_pub_key>  
  <recaptcha_priv_key>
    <!--nsys-nemesiconfig9--><value></value><!---nsys-nemesiconfig9-->
    <description>backend.config.lista.table.description.recaptcha_priv_key</description>
    <alert>0</alert>
    <type>secure_captcha</type>
    <type_values>
    </type_values>
    <is_base>1</is_base>
  </recaptcha_priv_key>  
  <use_comments_filter>
    <value>1</value>
    <description>backend.config.lista.table.description.use_comments_filter</description>
    <alert>0</alert>
    <type>secure_comment</type>
    <type_values>0,1</type_values>
    <is_base>1</is_base>
  </use_comments_filter>
  <mail_comment_receiver>
    <value>
    </value>
    <description>backend.config.lista.table.description.mail_comment_receiver</description>
    <alert>0</alert>
    <type>secure_comment</type>
    <type_values>
    </type_values>
    <is_base>1</is_base>
  </mail_comment_receiver>
  <url_rewrite_file_ext>
    <value>1</value>
    <description>backend.config.lista.table.description.url_rewrite_file_ext</description>
    <alert>1</alert>
    <type>configuration_urlrew</type>
    <type_values>0,1</type_values>
    <is_base>1</is_base>
  </url_rewrite_file_ext>
  <url_with_langcode_prefix>
    <value>1</value>
    <description>backend.config.lista.table.description.url_with_langcode_prefix</description>
    <alert>0</alert>
    <type>configuration_urlrew</type>
    <type_values>0,1</type_values>
    <is_base>1</is_base>
  </url_with_langcode_prefix>  
  <googlemaps_key>
    <!--nsys-nemesiconfig10--><value></value><!---nsys-nemesiconfig10-->
    <description>backend.config.lista.table.description.googlemaps_key</description>
    <alert>0</alert>
    <type>configuration_geotag</type>
    <type_values>
    </type_values>
    <is_base>1</is_base>
  </googlemaps_key>  
  <enable_user_content>
    <value>1</value>
    <description>backend.config.lista.table.description.enable_user_content</description>
    <alert>0</alert>
    <type>configuration_blog</type>
    <type_values>0,1</type_values>
    <is_base>1</is_base>
  </enable_user_content>  
  <analytics_account>
    <!--nsys-nemesiconfig11--><value></value><!---nsys-nemesiconfig11-->
    <description>backend.config.lista.table.description.analytics_account</description>
    <alert>0</alert>
    <type>configuration_seo</type>
    <type_values>
    </type_values>
    <is_base>1</is_base>
  </analytics_account>  
  <go_offline>
    <value>0</value>
    <description>backend.config.lista.table.description.go_offline</description>
    <alert>0</alert>
    <type>configuration_app</type>
    <type_values>0,1</type_values>
    <is_base>1</is_base>
  </go_offline>
</config>